{
    "packages": [
        {
            "name": "guzzlehttp\/guzzle",
            "version": "6.5.8",
            "version_normalized": "6.5.8.0",
            "source": {
                "type": "git",
                "url": "https:\/\/github.com\/guzzle\/guzzle.git",
                "reference": "a52f0440530b54fa079ce76e8c5d196a42cad981"
            },
            "dist": {
                "type": "zip",
                "url": "https:\/\/api.github.com\/repos\/guzzle\/guzzle\/zipball\/a52f0440530b54fa079ce76e8c5d196a42cad981",
                "reference": "a52f0440530b54fa079ce76e8c5d196a42cad981",
                "shasum": ""
            },
            "require": {
                "ext-json": "*",
                "guzzlehttp\/promises": "^1.0",
                "guzzlehttp\/psr7": "^1.9",
                "php": ">=5.5",
                "symfony\/polyfill-intl-idn": "^1.17"
            },
            "require-dev": {
                "ext-curl": "*",
                "phpunit\/phpunit": "^4.8.35 || ^5.7 || ^6.4 || ^7.0",
                "psr\/log": "^1.1"
            },
            "suggest": {
                "psr\/log": "Required for using the Log middleware"
            },
            "time": "2022-06-20T22:16:07+00:00",
            "type": "library",
            "extra": {
                "branch-alias": {
                    "dev-master": "6.5-dev"
                }
            },
            "installation-source": "dist",
            "autoload": {
                "files": [
                    "src\/functions_include.php"
                ],
                "psr-4": {
                    "pxlrbt\\Cf7Cleverreach\\Vendor\\GuzzleHttp\\": "src\/"
                }
            },
            "notification-url": "https:\/\/packagist.org\/downloads\/",
            "license": [
                "MIT"
            ],
            "authors": [
                {
                    "name": "Graham Campbell",
                    "email": "hello@gjcampbell.co.uk",
                    "homepage": "https:\/\/github.com\/GrahamCampbell"
                },
                {
                    "name": "Michael Dowling",
                    "email": "mtdowling@gmail.com",
                    "homepage": "https:\/\/github.com\/mtdowling"
                },
                {
                    "name": "Jeremy Lindblom",
                    "email": "jeremeamia@gmail.com",
                    "homepage": "https:\/\/github.com\/jeremeamia"
                },
                {
                    "name": "George Mponos",
                    "email": "gmponos@gmail.com",
                    "homepage": "https:\/\/github.com\/gmponos"
                },
                {
                    "name": "Tobias Nyholm",
                    "email": "tobias.nyholm@gmail.com",
                    "homepage": "https:\/\/github.com\/Nyholm"
                },
                {
                    "name": "M\u00e1rk S\u00e1gi-Kaz\u00e1r",
                    "email": "mark.sagikazar@gmail.com",
                    "homepage": "https:\/\/github.com\/sagikazarmark"
                },
                {
                    "name": "Tobias Schultze",
                    "email": "webmaster@tubo-world.de",
                    "homepage": "https:\/\/github.com\/Tobion"
                }
            ],
            "description": "Guzzle is a PHP HTTP client library",
            "homepage": "http:\/\/guzzlephp.org\/",
            "keywords": [
                "client",
                "curl",
                "framework",
                "http",
                "http client",
                "rest",
                "web service"
            ],
            "support": {
                "issues": "https:\/\/github.com\/guzzle\/guzzle\/issues",
                "source": "https:\/\/github.com\/guzzle\/guzzle\/tree\/6.5.8"
            },
            "funding": [
                {
                    "url": "https:\/\/github.com\/GrahamCampbell",
                    "type": "github"
                },
                {
                    "url": "https:\/\/github.com\/Nyholm",
                    "type": "github"
                },
                {
                    "url": "https:\/\/tidelift.com\/funding\/github\/packagist\/guzzlehttp\/guzzle",
                    "type": "tidelift"
                }
            ],
            "install-path": "..\/guzzlehttp\/guzzle"
        },
        {
            "name": "guzzlehttp\/promises",
            "version": "1.5.1",
            "version_normalized": "1.5.1.0",
            "source": {
                "type": "git",
                "url": "https:\/\/github.com\/guzzle\/promises.git",
                "reference": "fe752aedc9fd8fcca3fe7ad05d419d32998a06da"
            },
            "dist": {
                "type": "zip",
                "url": "https:\/\/api.github.com\/repos\/guzzle\/promises\/zipball\/fe752aedc9fd8fcca3fe7ad05d419d32998a06da",
                "reference": "fe752aedc9fd8fcca3fe7ad05d419d32998a06da",
                "shasum": ""
            },
            "require": {
                "php": ">=5.5"
            },
            "require-dev": {
                "symfony\/phpunit-bridge": "^4.4 || ^5.1"
            },
            "time": "2021-10-22T20:56:57+00:00",
            "type": "library",
            "extra": {
                "branch-alias": {
                    "dev-master": "1.5-dev"
                }
            },
            "installation-source": "dist",
            "autoload": {
                "files": [
                    "src\/functions_include.php"
                ],
                "psr-4": {
                    "pxlrbt\\Cf7Cleverreach\\Vendor\\GuzzleHttp\\Promise\\": "src\/"
                }
            },
            "notification-url": "https:\/\/packagist.org\/downloads\/",
            "license": [
                "MIT"
            ],
            "authors": [
                {
                    "name": "Graham Campbell",
                    "email": "hello@gjcampbell.co.uk",
                    "homepage": "https:\/\/github.com\/GrahamCampbell"
                },
                {
                    "name": "Michael Dowling",
                    "email": "mtdowling@gmail.com",
                    "homepage": "https:\/\/github.com\/mtdowling"
                },
                {
                    "name": "Tobias Nyholm",
                    "email": "tobias.nyholm@gmail.com",
                    "homepage": "https:\/\/github.com\/Nyholm"
                },
                {
                    "name": "Tobias Schultze",
                    "email": "webmaster@tubo-world.de",
                    "homepage": "https:\/\/github.com\/Tobion"
                }
            ],
            "description": "Guzzle promises library",
            "keywords": [
                "promise"
            ],
            "support": {
                "issues": "https:\/\/github.com\/guzzle\/promises\/issues",
                "source": "https:\/\/github.com\/guzzle\/promises\/tree\/1.5.1"
            },
            "funding": [
                {
                    "url": "https:\/\/github.com\/GrahamCampbell",
                    "type": "github"
                },
                {
                    "url": "https:\/\/github.com\/Nyholm",
                    "type": "github"
                },
                {
                    "url": "https:\/\/tidelift.com\/funding\/github\/packagist\/guzzlehttp\/promises",
                    "type": "tidelift"
                }
            ],
            "install-path": "..\/guzzlehttp\/promises"
        },
        {
            "name": "guzzlehttp\/psr7",
            "version": "1.9.0",
            "version_normalized": "1.9.0.0",
            "source": {
                "type": "git",
                "url": "https:\/\/github.com\/guzzle\/psr7.git",
                "reference": "e98e3e6d4f86621a9b75f623996e6bbdeb4b9318"
            },
            "dist": {
                "type": "zip",
                "url": "https:\/\/api.github.com\/repos\/guzzle\/psr7\/zipball\/e98e3e6d4f86621a9b75f623996e6bbdeb4b9318",
                "reference": "e98e3e6d4f86621a9b75f623996e6bbdeb4b9318",
                "shasum": ""
            },
            "require": {
                "php": ">=5.4.0",
                "psr\/http-message": "~1.0",
                "ralouphie\/getallheaders": "^2.0.5 || ^3.0.0"
            },
            "provide": {
                "psr\/http-message-implementation": "1.0"
            },
            "require-dev": {
                "ext-zlib": "*",
                "phpunit\/phpunit": "~4.8.36 || ^5.7.27 || ^6.5.14 || ^7.5.20 || ^8.5.8 || ^9.3.10"
            },
            "suggest": {
                "laminas\/laminas-httphandlerrunner": "Emit PSR-7 responses"
            },
            "time": "2022-06-20T21:43:03+00:00",
            "type": "library",
            "extra": {
                "branch-alias": {
                    "dev-master": "1.9-dev"
                }
            },
            "installation-source": "dist",
            "autoload": {
                "files": [
                    "src\/functions_include.php"
                ],
                "psr-4": {
                    "pxlrbt\\Cf7Cleverreach\\Vendor\\GuzzleHttp\\Psr7\\": "src\/"
                }
            },
            "notification-url": "https:\/\/packagist.org\/downloads\/",
            "license": [
                "MIT"
            ],
            "authors": [
                {
                    "name": "Graham Campbell",
                    "email": "hello@gjcampbell.co.uk",
                    "homepage": "https:\/\/github.com\/GrahamCampbell"
                },
                {
                    "name": "Michael Dowling",
                    "email": "mtdowling@gmail.com",
                    "homepage": "https:\/\/github.com\/mtdowling"
                },
                {
                    "name": "George Mponos",
                    "email": "gmponos@gmail.com",
                    "homepage": "https:\/\/github.com\/gmponos"
                },
                {
                    "name": "Tobias Nyholm",
                    "email": "tobias.nyholm@gmail.com",
                    "homepage": "https:\/\/github.com\/Nyholm"
                },
                {
                    "name": "M\u00e1rk S\u00e1gi-Kaz\u00e1r",
                    "email": "mark.sagikazar@gmail.com",
                    "homepage": "https:\/\/github.com\/sagikazarmark"
                },
                {
                    "name": "Tobias Schultze",
                    "email": "webmaster@tubo-world.de",
                    "homepage": "https:\/\/github.com\/Tobion"
                }
            ],
            "description": "PSR-7 message implementation that also provides common utility methods",
            "keywords": [
                "http",
                "message",
                "psr-7",
                "request",
                "response",
                "stream",
                "uri",
                "url"
            ],
            "support": {
                "issues": "https:\/\/github.com\/guzzle\/psr7\/issues",
                "source": "https:\/\/github.com\/guzzle\/psr7\/tree\/1.9.0"
            },
            "funding": [
                {
                    "url": "https:\/\/github.com\/GrahamCampbell",
                    "type": "github"
                },
                {
                    "url": "https:\/\/github.com\/Nyholm",
                    "type": "github"
                },
                {
                    "url": "https:\/\/tidelift.com\/funding\/github\/packagist\/guzzlehttp\/psr7",
                    "type": "tidelift"
                }
            ],
            "install-path": "..\/guzzlehttp\/psr7"
        },
        {
            "name": "monolog\/monolog",
            "version": "1.27.1",
            "version_normalized": "1.27.1.0",
            "source": {
                "type": "git",
                "url": "https:\/\/github.com\/Seldaek\/monolog.git",
                "reference": "904713c5929655dc9b97288b69cfeedad610c9a1"
            },
            "dist": {
                "type": "zip",
                "url": "https:\/\/api.github.com\/repos\/Seldaek\/monolog\/zipball\/904713c5929655dc9b97288b69cfeedad610c9a1",
                "reference": "904713c5929655dc9b97288b69cfeedad610c9a1",
                "shasum": ""
            },
            "require": {
                "php": ">=5.3.0",
                "psr\/log": "~1.0"
            },
            "provide": {
                "psr\/log-implementation": "1.0.0"
            },
            "require-dev": {
                "aws\/aws-sdk-php": "^2.4.9 || ^3.0",
                "doctrine\/couchdb": "~1.0@dev",
                "graylog2\/gelf-php": "~1.0",
                "php-amqplib\/php-amqplib": "~2.4",
                "php-console\/php-console": "^3.1.3",
                "phpstan\/phpstan": "^0.12.59",
                "phpunit\/phpunit": "~4.5",
                "ruflin\/elastica": ">=0.90 <3.0",
                "sentry\/sentry": "^0.13",
                "swiftmailer\/swiftmailer": "^5.3|^6.0"
            },
            "suggest": {
                "aws\/aws-sdk-php": "Allow sending log messages to AWS services like DynamoDB",
                "doctrine\/couchdb": "Allow sending log messages to a CouchDB server",
                "ext-amqp": "Allow sending log messages to an AMQP server (1.0+ required)",
                "ext-mongo": "Allow sending log messages to a MongoDB server",
                "graylog2\/gelf-php": "Allow sending log messages to a GrayLog2 server",
                "mongodb\/mongodb": "Allow sending log messages to a MongoDB server via PHP Driver",
                "php-amqplib\/php-amqplib": "Allow sending log messages to an AMQP server using php-amqplib",
                "php-console\/php-console": "Allow sending log messages to Google Chrome",
                "rollbar\/rollbar": "Allow sending log messages to Rollbar",
                "ruflin\/elastica": "Allow sending log messages to an Elastic Search server",
                "sentry\/sentry": "Allow sending log messages to a Sentry server"
            },
            "time": "2022-06-09T08:53:42+00:00",
            "type": "library",
            "installation-source": "dist",
            "autoload": {
                "psr-4": {
                    "pxlrbt\\Cf7Cleverreach\\Vendor\\Monolog\\": "src\/Monolog"
                }
            },
            "notification-url": "https:\/\/packagist.org\/downloads\/",
            "license": [
                "MIT"
            ],
            "authors": [
                {
                    "name": "Jordi Boggiano",
                    "email": "j.boggiano@seld.be",
                    "homepage": "http:\/\/seld.be"
                }
            ],
            "description": "Sends your logs to files, sockets, inboxes, databases and various web services",
            "homepage": "http:\/\/github.com\/Seldaek\/monolog",
            "keywords": [
                "log",
                "logging",
                "psr-3"
            ],
            "support": {
                "issues": "https:\/\/github.com\/Seldaek\/monolog\/issues",
                "source": "https:\/\/github.com\/Seldaek\/monolog\/tree\/1.27.1"
            },
            "funding": [
                {
                    "url": "https:\/\/github.com\/Seldaek",
                    "type": "github"
                },
                {
                    "url": "https:\/\/tidelift.com\/funding\/github\/packagist\/monolog\/monolog",
                    "type": "tidelift"
                }
            ],
            "install-path": "..\/monolog\/monolog"
        },
        {
            "name": "psr\/http-message",
            "version": "1.0.1",
            "version_normalized": "1.0.1.0",
            "source": {
                "type": "git",
                "url": "https:\/\/github.com\/php-fig\/http-message.git",
                "reference": "f6561bf28d520154e4b0ec72be95418abe6d9363"
            },
            "dist": {
                "type": "zip",
                "url": "https:\/\/api.github.com\/repos\/php-fig\/http-message\/zipball\/f6561bf28d520154e4b0ec72be95418abe6d9363",
                "reference": "f6561bf28d520154e4b0ec72be95418abe6d9363",
                "shasum": ""
            },
            "require": {
                "php": ">=5.3.0"
            },
            "time": "2016-08-06T14:39:51+00:00",
            "type": "library",
            "extra": {
                "branch-alias": {
                    "dev-master": "1.0.x-dev"
                }
            },
            "installation-source": "dist",
            "autoload": {
                "psr-4": {
                    "pxlrbt\\Cf7Cleverreach\\Vendor\\Psr\\Http\\Message\\": "src\/"
                }
            },
            "notification-url": "https:\/\/packagist.org\/downloads\/",
            "license": [
                "MIT"
            ],
            "authors": [
                {
                    "name": "PHP-FIG",
                    "homepage": "http:\/\/www.php-fig.org\/"
                }
            ],
            "description": "Common interface for HTTP messages",
            "homepage": "https:\/\/github.com\/php-fig\/http-message",
            "keywords": [
                "http",
                "http-message",
                "psr",
                "psr-7",
                "request",
                "response"
            ],
            "support": {
                "source": "https:\/\/github.com\/php-fig\/http-message\/tree\/master"
            },
            "install-path": "..\/psr\/http-message"
        },
        {
            "name": "psr\/log",
            "version": "1.1.4",
            "version_normalized": "1.1.4.0",
            "source": {
                "type": "git",
                "url": "https:\/\/github.com\/php-fig\/log.git",
                "reference": "d49695b909c3b7628b6289db5479a1c204601f11"
            },
            "dist": {
                "type": "zip",
                "url": "https:\/\/api.github.com\/repos\/php-fig\/log\/zipball\/d49695b909c3b7628b6289db5479a1c204601f11",
                "reference": "d49695b909c3b7628b6289db5479a1c204601f11",
                "shasum": ""
            },
            "require": {
                "php": ">=5.3.0"
            },
            "time": "2021-05-03T11:20:27+00:00",
            "type": "library",
            "extra": {
                "branch-alias": {
                    "dev-master": "1.1.x-dev"
                }
            },
            "installation-source": "dist",
            "autoload": {
                "psr-4": {
                    "pxlrbt\\Cf7Cleverreach\\Vendor\\Psr\\Log\\": "Psr\/Log\/"
                }
            },
            "notification-url": "https:\/\/packagist.org\/downloads\/",
            "license": [
                "MIT"
            ],
            "authors": [
                {
                    "name": "PHP-FIG",
                    "homepage": "https:\/\/www.php-fig.org\/"
                }
            ],
            "description": "Common interface for logging libraries",
            "homepage": "https:\/\/github.com\/php-fig\/log",
            "keywords": [
                "log",
                "psr",
                "psr-3"
            ],
            "support": {
                "source": "https:\/\/github.com\/php-fig\/log\/tree\/1.1.4"
            },
            "install-path": "..\/psr\/log"
        },
        {
            "name": "pxlrbt\/wordpress-notifier",
            "version": "1.2.0",
            "version_normalized": "1.2.0.0",
            "source": {
                "type": "git",
                "url": "https:\/\/github.com\/pxlrbt\/wordpress-notifier.git",
                "reference": "239850e2608e3992846bea762ab2ddc38d23ac14"
            },
            "dist": {
                "type": "zip",
                "url": "https:\/\/api.github.com\/repos\/pxlrbt\/wordpress-notifier\/zipball\/239850e2608e3992846bea762ab2ddc38d23ac14",
                "reference": "239850e2608e3992846bea762ab2ddc38d23ac14",
                "shasum": ""
            },
            "time": "2020-11-16T15:51:18+00:00",
            "type": "library",
            "installation-source": "dist",
            "autoload": {
                "psr-4": {
                    "pxlrbt\\Cf7Cleverreach\\Vendor\\pxlrbt\\WordpressNotifier\\": ".\/src"
                }
            },
            "notification-url": "https:\/\/packagist.org\/downloads\/",
            "license": [
                "GPL-3.0-or-later"
            ],
            "authors": [
                {
                    "name": "Dennis Koch",
                    "email": "info@pixelarbeit.de"
                }
            ],
            "description": "WordPress package for use in plugins or themes to handle WordPress admin notices.",
            "keywords": [
                "admin notices",
                "library",
                "notices",
                "wordpress",
                "wp"
            ],
            "support": {
                "issues": "https:\/\/github.com\/pxlrbt\/wordpress-notifier\/issues",
                "source": "https:\/\/github.com\/pxlrbt\/wordpress-notifier\/tree\/1.2.0"
            },
            "install-path": "..\/pxlrbt\/wordpress-notifier"
        },
        {
            "name": "ralouphie\/getallheaders",
            "version": "3.0.3",
            "version_normalized": "3.0.3.0",
            "source": {
                "type": "git",
                "url": "https:\/\/github.com\/ralouphie\/getallheaders.git",
                "reference": "120b605dfeb996808c31b6477290a714d356e822"
            },
            "dist": {
                "type": "zip",
                "url": "https:\/\/api.github.com\/repos\/ralouphie\/getallheaders\/zipball\/120b605dfeb996808c31b6477290a714d356e822",
                "reference": "120b605dfeb996808c31b6477290a714d356e822",
                "shasum": ""
            },
            "require": {
                "php": ">=5.6"
            },
            "require-dev": {
                "php-coveralls\/php-coveralls": "^2.1",
                "phpunit\/phpunit": "^5 || ^6.5"
            },
            "time": "2019-03-08T08:55:37+00:00",
            "type": "library",
            "installation-source": "dist",
            "autoload": {
                "files": [
                    "src\/getallheaders.php"
                ]
            },
            "notification-url": "https:\/\/packagist.org\/downloads\/",
            "license": [
                "MIT"
            ],
            "authors": [
                {
                    "name": "Ralph Khattar",
                    "email": "ralph.khattar@gmail.com"
                }
            ],
            "description": "A polyfill for getallheaders.",
            "support": {
                "issues": "https:\/\/github.com\/ralouphie\/getallheaders\/issues",
                "source": "https:\/\/github.com\/ralouphie\/getallheaders\/tree\/develop"
            },
            "install-path": "..\/ralouphie\/getallheaders"
        },
        {
            "name": "symfony\/polyfill-intl-idn",
            "version": "v1.26.0",
            "version_normalized": "1.26.0.0",
            "source": {
                "type": "git",
                "url": "https:\/\/github.com\/symfony\/polyfill-intl-idn.git",
                "reference": "59a8d271f00dd0e4c2e518104cc7963f655a1aa8"
            },
            "dist": {
                "type": "zip",
                "url": "https:\/\/api.github.com\/repos\/symfony\/polyfill-intl-idn\/zipball\/59a8d271f00dd0e4c2e518104cc7963f655a1aa8",
                "reference": "59a8d271f00dd0e4c2e518104cc7963f655a1aa8",
                "shasum": ""
            },
            "require": {
                "php": ">=7.1",
                "symfony\/polyfill-intl-normalizer": "^1.10",
                "symfony\/polyfill-php72": "^1.10"
            },
            "suggest": {
                "ext-intl": "For best performance"
            },
            "time": "2022-05-24T11:49:31+00:00",
            "type": "library",
            "extra": {
                "branch-alias": {
                    "dev-main": "1.26-dev"
                },
                "thanks": {
                    "name": "symfony\/polyfill",
                    "url": "https:\/\/github.com\/symfony\/polyfill"
                }
            },
            "installation-source": "dist",
            "autoload": {
                "files": [
                    "bootstrap.php"
                ],
                "psr-4": {
                    "pxlrbt\\Cf7Cleverreach\\Vendor\\Symfony\\Polyfill\\Intl\\Idn\\": ""
                }
            },
            "notification-url": "https:\/\/packagist.org\/downloads\/",
            "license": [
                "MIT"
            ],
            "authors": [
                {
                    "name": "Laurent Bassin",
                    "email": "laurent@bassin.info"
                },
                {
                    "name": "Trevor Rowbotham",
                    "email": "trevor.rowbotham@pm.me"
                },
                {
                    "name": "Symfony Community",
                    "homepage": "https:\/\/symfony.com\/contributors"
                }
            ],
            "description": "Symfony polyfill for intl's idn_to_ascii and idn_to_utf8 functions",
            "homepage": "https:\/\/symfony.com",
            "keywords": [
                "compatibility",
                "idn",
                "intl",
                "polyfill",
                "portable",
                "shim"
            ],
            "support": {
                "source": "https:\/\/github.com\/symfony\/polyfill-intl-idn\/tree\/v1.26.0"
            },
            "funding": [
                {
                    "url": "https:\/\/symfony.com\/sponsor",
                    "type": "custom"
                },
                {
                    "url": "https:\/\/github.com\/fabpot",
                    "type": "github"
                },
                {
                    "url": "https:\/\/tidelift.com\/funding\/github\/packagist\/symfony\/symfony",
                    "type": "tidelift"
                }
            ],
            "install-path": "..\/symfony\/polyfill-intl-idn"
        },
        {
            "name": "symfony\/polyfill-intl-normalizer",
            "version": "v1.26.0",
            "version_normalized": "1.26.0.0",
            "source": {
                "type": "git",
                "url": "https:\/\/github.com\/symfony\/polyfill-intl-normalizer.git",
                "reference": "219aa369ceff116e673852dce47c3a41794c14bd"
            },
            "dist": {
                "type": "zip",
                "url": "https:\/\/api.github.com\/repos\/symfony\/polyfill-intl-normalizer\/zipball\/219aa369ceff116e673852dce47c3a41794c14bd",
                "reference": "219aa369ceff116e673852dce47c3a41794c14bd",
                "shasum": ""
            },
            "require": {
                "php": ">=7.1"
            },
            "suggest": {
                "ext-intl": "For best performance"
            },
            "time": "2022-05-24T11:49:31+00:00",
            "type": "library",
            "extra": {
                "branch-alias": {
                    "dev-main": "1.26-dev"
                },
                "thanks": {
                    "name": "symfony\/polyfill",
                    "url": "https:\/\/github.com\/symfony\/polyfill"
                }
            },
            "installation-source": "dist",
            "autoload": {
                "files": [
                    "bootstrap.php"
                ],
                "psr-4": {
                    "pxlrbt\\Cf7Cleverreach\\Vendor\\Symfony\\Polyfill\\Intl\\Normalizer\\": ""
                },
                "classmap": [
                    "Resources\/stubs"
                ]
            },
            "notification-url": "https:\/\/packagist.org\/downloads\/",
            "license": [
                "MIT"
            ],
            "authors": [
                {
                    "name": "Nicolas Grekas",
                    "email": "p@tchwork.com"
                },
                {
                    "name": "Symfony Community",
                    "homepage": "https:\/\/symfony.com\/contributors"
                }
            ],
            "description": "Symfony polyfill for intl's Normalizer class and related functions",
            "homepage": "https:\/\/symfony.com",
            "keywords": [
                "compatibility",
                "intl",
                "normalizer",
                "polyfill",
                "portable",
                "shim"
            ],
            "support": {
                "source": "https:\/\/github.com\/symfony\/polyfill-intl-normalizer\/tree\/v1.26.0"
            },
            "funding": [
                {
                    "url": "https:\/\/symfony.com\/sponsor",
                    "type": "custom"
                },
                {
                    "url": "https:\/\/github.com\/fabpot",
                    "type": "github"
                },
                {
                    "url": "https:\/\/tidelift.com\/funding\/github\/packagist\/symfony\/symfony",
                    "type": "tidelift"
                }
            ],
            "install-path": "..\/symfony\/polyfill-intl-normalizer"
        },
        {
            "name": "symfony\/polyfill-php72",
            "version": "v1.26.0",
            "version_normalized": "1.26.0.0",
            "source": {
                "type": "git",
                "url": "https:\/\/github.com\/symfony\/polyfill-php72.git",
                "reference": "bf44a9fd41feaac72b074de600314a93e2ae78e2"
            },
            "dist": {
                "type": "zip",
                "url": "https:\/\/api.github.com\/repos\/symfony\/polyfill-php72\/zipball\/bf44a9fd41feaac72b074de600314a93e2ae78e2",
                "reference": "bf44a9fd41feaac72b074de600314a93e2ae78e2",
                "shasum": ""
            },
            "require": {
                "php": ">=7.1"
            },
            "time": "2022-05-24T11:49:31+00:00",
            "type": "library",
            "extra": {
                "branch-alias": {
                    "dev-main": "1.26-dev"
                },
                "thanks": {
                    "name": "symfony\/polyfill",
                    "url": "https:\/\/github.com\/symfony\/polyfill"
                }
            },
            "installation-source": "dist",
            "autoload": {
                "files": [
                    "bootstrap.php"
                ],
                "psr-4": {
                    "pxlrbt\\Cf7Cleverreach\\Vendor\\Symfony\\Polyfill\\Php72\\": ""
                }
            },
            "notification-url": "https:\/\/packagist.org\/downloads\/",
            "license": [
                "MIT"
            ],
            "authors": [
                {
                    "name": "Nicolas Grekas",
                    "email": "p@tchwork.com"
                },
                {
                    "name": "Symfony Community",
                    "homepage": "https:\/\/symfony.com\/contributors"
                }
            ],
            "description": "Symfony polyfill backporting some PHP 7.2+ features to lower PHP versions",
            "homepage": "https:\/\/symfony.com",
            "keywords": [
                "compatibility",
                "polyfill",
                "portable",
                "shim"
            ],
            "support": {
                "source": "https:\/\/github.com\/symfony\/polyfill-php72\/tree\/v1.26.0"
            },
            "funding": [
                {
                    "url": "https:\/\/symfony.com\/sponsor",
                    "type": "custom"
                },
                {
                    "url": "https:\/\/github.com\/fabpot",
                    "type": "github"
                },
                {
                    "url": "https:\/\/tidelift.com\/funding\/github\/packagist\/symfony\/symfony",
                    "type": "tidelift"
                }
            ],
            "install-path": "..\/symfony\/polyfill-php72"
        }
    ],
    "dev": true,
    "dev-package-names": []
}